SET FOREIGN_KEY_CHECKS = 0;

INSERT INTO `comments` (`id`, `user_id`, `room_id`, `body`, `rate`, `date_created`, `date_updated`) VALUES (2, 2, 2, 'В моём дворце лучше.', 4, '2021-05-03 11:51:47', '2021-05-03 11:51:47');
INSERT INTO `comments` (`id`, `user_id`, `room_id`, `body`, `rate`, `date_created`, `date_updated`) VALUES (3, 3, 4, 'лес тащит!!', 5, '2021-05-03 11:52:09', '2021-05-03 11:52:09');
INSERT INTO `comments` (`id`, `user_id`, `room_id`, `body`, `rate`, `date_created`, `date_updated`) VALUES (4, 4, 4, 'Fugit expedita odio dolor nesciunt occaecati amet aperiam non. Numquam ut et animi pariatur non consequatur provident. Voluptatem et quia in et. Qui voluptas sit repellendus doloribus dolorum dolorem.', 6, '1975-06-21 03:29:29', '2006-08-26 22:39:46');
INSERT INTO `comments` (`id`, `user_id`, `room_id`, `body`, `rate`, `date_created`, `date_updated`) VALUES (5, 4, 2, 'Больше по поеду :(', 3, '2021-05-03 12:01:13', '2021-05-03 12:01:13');
INSERT INTO `comments` (`id`, `user_id`, `room_id`, `body`, `rate`, `date_created`, `date_updated`) VALUES (6, 6, 6, 'Laboriosam mollitia facilis odit fugiat dolores architecto consectetur. Quod nobis incidunt deleniti corrupti. Eligendi veritatis dolorem non accusamus dolor dolor sint. Quis illum fugiat provident in molestiae.', 3, '2020-07-15 01:32:31', '1978-09-17 21:37:55');
INSERT INTO `comments` (`id`, `user_id`, `room_id`, `body`, `rate`, `date_created`, `date_updated`) VALUES (7, 7, 7, 'Enim quia aspernatur est repellendus. Id aliquam nemo tenetur provident. Inventore sit laborum molestiae placeat.', 1, '1987-10-12 21:15:01', '2007-02-27 11:32:52');
INSERT INTO `comments` (`id`, `user_id`, `room_id`, `body`, `rate`, `date_created`, `date_updated`) VALUES (8, 8, 8, 'Debitis fugiat ut iure fugiat deserunt consequatur deserunt. Delectus beatae laborum ut quia. Non dolores ut quasi aut expedita qui quam exercitationem. Voluptatem eaque voluptas veniam debitis molestiae omnis.', 8, '1992-07-14 20:07:18', '1987-11-01 14:43:30');
INSERT INTO `comments` (`id`, `user_id`, `room_id`, `body`, `rate`, `date_created`, `date_updated`) VALUES (9, 9, 9, 'Quod sit reprehenderit aut quod nihil. Voluptas rerum quia excepturi accusantium qui minima. Aspernatur tempore blanditiis eius ut voluptates non. Aut et cupiditate aut facere saepe.', 0, '1975-03-26 21:35:37', '1976-12-31 07:17:58');
INSERT INTO `comments` (`id`, `user_id`, `room_id`, `body`, `rate`, `date_created`, `date_updated`) VALUES (10, 10, 10, 'Similique fugiat dolores optio autem et et quod minus. Aut inventore ullam voluptas consequatur neque. Ipsum earum a ut rerum error consequatur quaerat. Sunt qui dolores minima.', 8, '2009-07-23 05:35:54', '1985-04-27 00:55:30');
INSERT INTO `comments` (`id`, `user_id`, `room_id`, `body`, `rate`, `date_created`, `date_updated`) VALUES (11, 11, 11, 'Consequuntur facilis explicabo deleniti dolor voluptatem cumque. Consequatur eaque repellat aliquid fugiat corrupti. Qui harum voluptatem repudiandae rerum tempora et ut.', 2, '2018-12-25 00:07:51', '1990-02-15 15:56:44');
INSERT INTO `comments` (`id`, `user_id`, `room_id`, `body`, `rate`, `date_created`, `date_updated`) VALUES (12, 12, 12, 'Alias velit voluptatem consequatur id labore. Sunt ipsa consequatur quibusdam ut. Enim temporibus perferendis nesciunt nulla tempore sit molestiae. Illo nihil aut ratione neque et dignissimos.', 6, '1970-10-24 04:51:16', '1994-11-25 23:34:37');
INSERT INTO `comments` (`id`, `user_id`, `room_id`, `body`, `rate`, `date_created`, `date_updated`) VALUES (13, 13, 13, 'Eaque quia est doloribus autem praesentium dolorum. Rerum occaecati et voluptatibus perspiciatis qui praesentium sit.', 9, '1984-09-07 22:06:25', '1993-05-12 14:43:46');
INSERT INTO `comments` (`id`, `user_id`, `room_id`, `body`, `rate`, `date_created`, `date_updated`) VALUES (14, 14, 14, 'Tempore non error ea consequatur. Sed nihil doloribus a aut et. Tenetur facere tenetur laudantium neque. Iste facere quae enim et voluptatum iste.', 5, '1980-08-23 07:50:23', '2008-11-20 06:50:33');
INSERT INTO `comments` (`id`, `user_id`, `room_id`, `body`, `rate`, `date_created`, `date_updated`) VALUES (15, 15, 15, 'Ut eaque quasi adipisci neque numquam sit. Placeat aspernatur doloribus maxime mollitia quo rerum corporis. Sed nemo nihil libero. Sunt nihil facilis incidunt enim veniam.', 3, '1994-08-10 13:04:21', '1986-01-16 18:06:22');


INSERT INTO `hotels` (`id`, `title`, `gps_x`, `gps_y`, `stars`, `rates_count`, `rates_summary`) VALUES (1, 'гостишечка', '61041300', '311170', '4', 1, 5);
INSERT INTO `hotels` (`id`, `title`, `gps_x`, `gps_y`, `stars`, `rates_count`, `rates_summary`) VALUES (2, 'отель', '693285000', '3274100', '5', 2, 7);
INSERT INTO `hotels` (`id`, `title`, `gps_x`, `gps_y`, `stars`, `rates_count`, `rates_summary`) VALUES (3, 'Expanded modular firmware', '30662900', '44.6202', '2', 1, 11);
INSERT INTO `hotels` (`id`, `title`, `gps_x`, `gps_y`, `stars`, `rates_count`, `rates_summary`) VALUES (4, 'Vision-oriented modular functionalities', '89254.7', '4534510', '4', 2, 3);
INSERT INTO `hotels` (`id`, `title`, `gps_x`, `gps_y`, `stars`, `rates_count`, `rates_summary`) VALUES (5, 'Sharable dynamic service-desk', '102430', '44911400', '1', 77, 4);
INSERT INTO `hotels` (`id`, `title`, `gps_x`, `gps_y`, `stars`, `rates_count`, `rates_summary`) VALUES (6, 'Team-oriented interactive policy', '77817.5', '437.2', '1', 69, 5);
INSERT INTO `hotels` (`id`, `title`, `gps_x`, `gps_y`, `stars`, `rates_count`, `rates_summary`) VALUES (7, 'Ergonomic solution-oriented model', '68.9783', '0.8034', '5', 14, 1);
INSERT INTO `hotels` (`id`, `title`, `gps_x`, `gps_y`, `stars`, `rates_count`, `rates_summary`) VALUES (8, 'Customizable attitude-oriented parallelism', '1.78497', '14561.8', '1', 8, 3);
INSERT INTO `hotels` (`id`, `title`, `gps_x`, `gps_y`, `stars`, `rates_count`, `rates_summary`) VALUES (9, 'Organized optimizing collaboration', '0', '359637000', '2', 99, 6);
INSERT INTO `hotels` (`id`, `title`, `gps_x`, `gps_y`, `stars`, `rates_count`, `rates_summary`) VALUES (10, 'Fundamental dynamic approach', '1.0634', '207.842', '3', 0, 9);
INSERT INTO `hotels` (`id`, `title`, `gps_x`, `gps_y`, `stars`, `rates_count`, `rates_summary`) VALUES (11, 'Synchronised composite groupware', '69458', '307866', '5', 0, 4);
INSERT INTO `hotels` (`id`, `title`, `gps_x`, `gps_y`, `stars`, `rates_count`, `rates_summary`) VALUES (12, 'Streamlined optimizing adapter', '20172700', '0', '1', 78, 9);
INSERT INTO `hotels` (`id`, `title`, `gps_x`, `gps_y`, `stars`, `rates_count`, `rates_summary`) VALUES (13, 'Synchronised 24hour neural-net', '248.678', '494487000', '2', 152, 9);
INSERT INTO `hotels` (`id`, `title`, `gps_x`, `gps_y`, `stars`, `rates_count`, `rates_summary`) VALUES (14, 'User-centric methodical artificialintelligence', '377.411', '23.0136', '4', 11, 3);
INSERT INTO `hotels` (`id`, `title`, `gps_x`, `gps_y`, `stars`, `rates_count`, `rates_summary`) VALUES (15, 'Enterprise-wide human-resource projection', '12720900', '166006', '5', 1, 5);
INSERT INTO `hotels` (`id`, `title`, `gps_x`, `gps_y`, `stars`, `rates_count`, `rates_summary`) VALUES (16, 'Secured motivating framework', '359.157', '8169100', '1', 116, 7);
INSERT INTO `hotels` (`id`, `title`, `gps_x`, `gps_y`, `stars`, `rates_count`, `rates_summary`) VALUES (17, 'Virtual bandwidth-monitored paradigm', '1287110', '1.29171', '3', 62, 2);
INSERT INTO `hotels` (`id`, `title`, `gps_x`, `gps_y`, `stars`, `rates_count`, `rates_summary`) VALUES (18, 'Right-sized maximized info-mediaries', '0', '0', '1', 211, 9);
INSERT INTO `hotels` (`id`, `title`, `gps_x`, `gps_y`, `stars`, `rates_count`, `rates_summary`) VALUES (19, 'Devolved solution-oriented task-force', '0', '6167', '5', 29, 4);
INSERT INTO `hotels` (`id`, `title`, `gps_x`, `gps_y`, `stars`, `rates_count`, `rates_summary`) VALUES (20, 'Diverse analyzing artificialintelligence', '1388.39', '23.62', '5', 73, 7);



INSERT INTO `hotels_services` (`hotel_id`, `service_id`) VALUES (1, 1);
INSERT INTO `hotels_services` (`hotel_id`, `service_id`) VALUES (2, 2);
INSERT INTO `hotels_services` (`hotel_id`, `service_id`) VALUES (3, 3);
INSERT INTO `hotels_services` (`hotel_id`, `service_id`) VALUES (4, 4);
INSERT INTO `hotels_services` (`hotel_id`, `service_id`) VALUES (5, 5);
INSERT INTO `hotels_services` (`hotel_id`, `service_id`) VALUES (6, 6);
INSERT INTO `hotels_services` (`hotel_id`, `service_id`) VALUES (7, 7);
INSERT INTO `hotels_services` (`hotel_id`, `service_id`) VALUES (8, 8);
INSERT INTO `hotels_services` (`hotel_id`, `service_id`) VALUES (9, 9);
INSERT INTO `hotels_services` (`hotel_id`, `service_id`) VALUES (10, 10);
INSERT INTO `hotels_services` (`hotel_id`, `service_id`) VALUES (11, 11);
INSERT INTO `hotels_services` (`hotel_id`, `service_id`) VALUES (12, 12);
INSERT INTO `hotels_services` (`hotel_id`, `service_id`) VALUES (13, 13);
INSERT INTO `hotels_services` (`hotel_id`, `service_id`) VALUES (14, 14);
INSERT INTO `hotels_services` (`hotel_id`, `service_id`) VALUES (15, 15);
INSERT INTO `hotels_services` (`hotel_id`, `service_id`) VALUES (16, 16);
INSERT INTO `hotels_services` (`hotel_id`, `service_id`) VALUES (17, 17);
INSERT INTO `hotels_services` (`hotel_id`, `service_id`) VALUES (18, 18);
INSERT INTO `hotels_services` (`hotel_id`, `service_id`) VALUES (19, 19);
INSERT INTO `hotels_services` (`hotel_id`, `service_id`) VALUES (20, 20);



INSERT INTO `media` (`id`, `path`, `metadata`, `user_id`, `date_created`, `date_updated`) VALUES (1, 'application/vnd.ms-excel.sheet.binary.macroenabled.12', '{}', 1, '1977-05-01 15:15:12', '2007-04-14 10:32:29');
INSERT INTO `media` (`id`, `path`, `metadata`, `user_id`, `date_created`, `date_updated`) VALUES (2, 'application/x-cpio', '{}', 2, '2003-03-09 08:17:41', '2000-10-07 15:20:06');
INSERT INTO `media` (`id`, `path`, `metadata`, `user_id`, `date_created`, `date_updated`) VALUES (3, 'application/xop+xml', '{}', 3, '1976-02-22 13:29:14', '1985-11-06 05:34:36');
INSERT INTO `media` (`id`, `path`, `metadata`, `user_id`, `date_created`, `date_updated`) VALUES (4, 'application/x-ms-wmd', '{}', 4, '1971-06-08 14:56:26', '2014-08-09 15:22:19');
INSERT INTO `media` (`id`, `path`, `metadata`, `user_id`, `date_created`, `date_updated`) VALUES (5, 'application/x-msmetafile', '{}', 5, '1997-03-10 17:27:06', '1981-07-02 17:17:53');
INSERT INTO `media` (`id`, `path`, `metadata`, `user_id`, `date_created`, `date_updated`) VALUES (6, 'model/iges', '{}', 6, '1994-09-09 13:00:17', '1998-08-25 11:39:59');
INSERT INTO `media` (`id`, `path`, `metadata`, `user_id`, `date_created`, `date_updated`) VALUES (7, 'application/vnd.xfdl', '{}', 7, '2014-06-07 04:56:37', '1991-10-21 20:21:07');
INSERT INTO `media` (`id`, `path`, `metadata`, `user_id`, `date_created`, `date_updated`) VALUES (8, 'application/vnd.ezpix-album', '{}', 8, '2000-10-02 14:54:38', '2007-05-25 09:36:06');
INSERT INTO `media` (`id`, `path`, `metadata`, `user_id`, `date_created`, `date_updated`) VALUES (9, 'application/x-bzip', '{}', 9, '2017-12-30 19:01:32', '2013-02-05 02:17:37');
INSERT INTO `media` (`id`, `path`, `metadata`, `user_id`, `date_created`, `date_updated`) VALUES (10, 'application/x-dgc-compressed', '{}', 10, '1972-03-28 22:10:24', '1983-05-08 05:53:26');
INSERT INTO `media` (`id`, `path`, `metadata`, `user_id`, `date_created`, `date_updated`) VALUES (11, 'application/vnd.sun.xml.impress.template', '{}', 11, '2013-08-30 09:26:00', '1982-04-22 19:59:50');
INSERT INTO `media` (`id`, `path`, `metadata`, `user_id`, `date_created`, `date_updated`) VALUES (12, 'application/vnd.openxmlformats-officedocument.wordprocessingml.template', '{}', 12, '1990-06-07 12:03:51', '1984-08-08 22:58:56');
INSERT INTO `media` (`id`, `path`, `metadata`, `user_id`, `date_created`, `date_updated`) VALUES (13, 'video/jpm', '{}', 13, '1984-06-19 23:10:54', '2012-06-10 13:02:53');
INSERT INTO `media` (`id`, `path`, `metadata`, `user_id`, `date_created`, `date_updated`) VALUES (14, 'application/x-t3vm-image', '{}', 14, '2014-10-26 04:59:36', '2016-04-30 12:40:41');
INSERT INTO `media` (`id`, `path`, `metadata`, `user_id`, `date_created`, `date_updated`) VALUES (15, 'text/vnd.curl', '{}', 15, '1992-01-02 01:45:24', '1999-12-27 13:44:35');



INSERT INTO `media_links` (`media_id`, `entity_id`, `entity_type`, `actor_id`, `date_created`) VALUES (1, 18, 'comment', 1, '2019-04-18 06:17:06');
INSERT INTO `media_links` (`media_id`, `entity_id`, `entity_type`, `actor_id`, `date_created`) VALUES (2, 8, 'user', 2, '2008-06-25 21:25:21');
INSERT INTO `media_links` (`media_id`, `entity_id`, `entity_type`, `actor_id`, `date_created`) VALUES (3, 20, 'comment', 3, '1980-01-17 00:14:54');
INSERT INTO `media_links` (`media_id`, `entity_id`, `entity_type`, `actor_id`, `date_created`) VALUES (4, 13, 'room', 4, '1985-05-19 14:54:36');
INSERT INTO `media_links` (`media_id`, `entity_id`, `entity_type`, `actor_id`, `date_created`) VALUES (5, 12, 'hotel', 5, '2000-01-04 08:25:07');
INSERT INTO `media_links` (`media_id`, `entity_id`, `entity_type`, `actor_id`, `date_created`) VALUES (6, 19, 'user', 6, '1999-10-20 13:59:16');
INSERT INTO `media_links` (`media_id`, `entity_id`, `entity_type`, `actor_id`, `date_created`) VALUES (7, 17, 'comment', 7, '2020-09-04 09:49:59');
INSERT INTO `media_links` (`media_id`, `entity_id`, `entity_type`, `actor_id`, `date_created`) VALUES (8, 3, 'user', 8, '1991-06-06 17:02:54');
INSERT INTO `media_links` (`media_id`, `entity_id`, `entity_type`, `actor_id`, `date_created`) VALUES (9, 13, 'comment', 9, '1980-08-06 01:41:44');
INSERT INTO `media_links` (`media_id`, `entity_id`, `entity_type`, `actor_id`, `date_created`) VALUES (10, 1, 'hotel', 10, '1970-09-23 03:57:47');



INSERT INTO `rooms` (`id`, `hotel_id`, `title`, `area`, `floor`, `rates_count`, `rates_summary`) VALUES (1, 1, 'viplux777', 4, 0, 0, 0);
INSERT INTO `rooms` (`id`, `hotel_id`, `title`, `area`, `floor`, `rates_count`, `rates_summary`) VALUES (2, 2, 'люкс', 104, 21, 2, 7);
INSERT INTO `rooms` (`id`, `hotel_id`, `title`, `area`, `floor`, `rates_count`, `rates_summary`) VALUES (3, 1, 'люкс с окном в коридор', 5, 0, 0, 0);
INSERT INTO `rooms` (`id`, `hotel_id`, `title`, `area`, `floor`, `rates_count`, `rates_summary`) VALUES (4, 1, 'люкс с видом в лес', 105, 10, 1, 5);
INSERT INTO `rooms` (`id`, `hotel_id`, `title`, `area`, `floor`, `rates_count`, `rates_summary`) VALUES (5, 2, 'стандард', 30, 22, 0, 0);
INSERT INTO `rooms` (`id`, `hotel_id`, `title`, `area`, `floor`, `rates_count`, `rates_summary`) VALUES (6, 6, 'quisquam', NULL, NULL, 9, 0);
INSERT INTO `rooms` (`id`, `hotel_id`, `title`, `area`, `floor`, `rates_count`, `rates_summary`) VALUES (7, 7, 'quia', NULL, NULL, 3, 0);
INSERT INTO `rooms` (`id`, `hotel_id`, `title`, `area`, `floor`, `rates_count`, `rates_summary`) VALUES (8, 8, 'dolore', NULL, NULL, 8, 0);
INSERT INTO `rooms` (`id`, `hotel_id`, `title`, `area`, `floor`, `rates_count`, `rates_summary`) VALUES (9, 9, 'possimus', NULL, NULL, 9, 0);
INSERT INTO `rooms` (`id`, `hotel_id`, `title`, `area`, `floor`, `rates_count`, `rates_summary`) VALUES (10, 10, 'autem', NULL, NULL, 1, 0);
INSERT INTO `rooms` (`id`, `hotel_id`, `title`, `area`, `floor`, `rates_count`, `rates_summary`) VALUES (11, 11, 'ut', NULL, NULL, 1, 0);
INSERT INTO `rooms` (`id`, `hotel_id`, `title`, `area`, `floor`, `rates_count`, `rates_summary`) VALUES (12, 12, 'dolorum', NULL, NULL, 9, 0);
INSERT INTO `rooms` (`id`, `hotel_id`, `title`, `area`, `floor`, `rates_count`, `rates_summary`) VALUES (13, 13, 'facere', NULL, NULL, 0, 0);
INSERT INTO `rooms` (`id`, `hotel_id`, `title`, `area`, `floor`, `rates_count`, `rates_summary`) VALUES (14, 14, 'labore', NULL, NULL, 9, 0);
INSERT INTO `rooms` (`id`, `hotel_id`, `title`, `area`, `floor`, `rates_count`, `rates_summary`) VALUES (15, 15, 'voluptas', NULL, NULL, 6, 0);



INSERT INTO `rooms_price` (`room_id`, `date`, `price`) VALUES (1, '2021-05-08', 1071.00);
INSERT INTO `rooms_price` (`room_id`, `date`, `price`) VALUES (1, '2021-05-09', 1930.00);
INSERT INTO `rooms_price` (`room_id`, `date`, `price`) VALUES (1, '2021-05-10', 1499.00);
INSERT INTO `rooms_price` (`room_id`, `date`, `price`) VALUES (2, '2021-05-01', 10500.00);
INSERT INTO `rooms_price` (`room_id`, `date`, `price`) VALUES (2, '2021-05-02', 15000.00);
INSERT INTO `rooms_price` (`room_id`, `date`, `price`) VALUES (2, '2021-05-03', 13000.00);
INSERT INTO `rooms_price` (`room_id`, `date`, `price`) VALUES (4, '2021-05-01', 23000.00);
INSERT INTO `rooms_price` (`room_id`, `date`, `price`) VALUES (4, '2021-05-02', 23000.00);
INSERT INTO `rooms_price` (`room_id`, `date`, `price`) VALUES (4, '2021-05-03', 23000.00);
INSERT INTO `rooms_price` (`room_id`, `date`, `price`) VALUES (5, '2021-05-01', 35000.00);
INSERT INTO `rooms_price` (`room_id`, `date`, `price`) VALUES (5, '2021-05-02', 35000.00);
INSERT INTO `rooms_price` (`room_id`, `date`, `price`) VALUES (5, '2021-05-03', 35000.00);



INSERT INTO `rooms_services` (`service_id`, `room_id`) VALUES (4, 2);
INSERT INTO `rooms_services` (`service_id`, `room_id`) VALUES (4, 4);
INSERT INTO `rooms_services` (`service_id`, `room_id`) VALUES (4, 5);



INSERT INTO `services` (`id`, `rubric`, `title`) VALUES (1, 'оборудование в номере', 'холодильник');
INSERT INTO `services` (`id`, `rubric`, `title`) VALUES (2, 'оборудование в номере', 'чайник');
INSERT INTO `services` (`id`, `rubric`, `title`) VALUES (3, 'оборудование в номере', 'микроволновка');
INSERT INTO `services` (`id`, `rubric`, `title`) VALUES (4, 'фитнес и развлечения', 'бассейн');
INSERT INTO `services` (`id`, `rubric`, `title`) VALUES (5, 'фитнес и развлечения', 'тренажёрный зал');
INSERT INTO `services` (`id`, `rubric`, `title`) VALUES (6, 'фитнес и развлечения', 'эскорт');
INSERT INTO `services` (`id`, `rubric`, `title`) VALUES (7, 'услуги в номере', 'душ');
INSERT INTO `services` (`id`, `rubric`, `title`) VALUES (8, 'услуги в номере', 'туалет');
INSERT INTO `services` (`id`, `rubric`, `title`) VALUES (9, 'услуги в номере', 'окно');
INSERT INTO `services` (`id`, `rubric`, `title`) VALUES (10, 'услуги в номере', 'балкон');



INSERT INTO `users` (`id`, `title`, `birthdate`, `gender`, `email`, `phone`) VALUES (1, 'Арагорн', '1980-01-01 00:00:00', 'мальчик', 'novella16@gmail.com', '27224863279');
INSERT INTO `users` (`id`, `title`, `birthdate`, `gender`, `email`, `phone`) VALUES (2, 'Элронд', '0001-01-01 00:00:00', 'эльф', 'ofeest@yahoo.com', '97701182292');
INSERT INTO `users` (`id`, `title`, `birthdate`, `gender`, `email`, `phone`) VALUES (3, 'Галадриэль', '0001-01-01 00:00:00', 'девочка', 'collier.elisa@yahoo.com', '95716254377');
INSERT INTO `users` (`id`, `title`, `birthdate`, `gender`, `email`, `phone`) VALUES (4, 'Леголас', '0555-01-01 00:00:00', 'эльф', 'wolff.stefan@yahoo.com', '14114575302');
INSERT INTO `users` (`id`, `title`, `birthdate`, `gender`, `email`, `phone`) VALUES (5, 'Dr. Hadley Green V', '1975-03-25 04:44:37', 'мальчик', 'dwhite@gmail.com', '58748954051');
INSERT INTO `users` (`id`, `title`, `birthdate`, `gender`, `email`, `phone`) VALUES (6, 'Mr. Lonny Rowe II', '1997-03-31 07:06:50', 'эльф', 'mosciski.harold@yahoo.com', '64448743023');
INSERT INTO `users` (`id`, `title`, `birthdate`, `gender`, `email`, `phone`) VALUES (7, 'Miss Angelita Walsh I', '1992-12-28 20:09:48', 'девочка', 'lyla.fadel@yahoo.com', '86229025227');
INSERT INTO `users` (`id`, `title`, `birthdate`, `gender`, `email`, `phone`) VALUES (8, 'Rosalia DuBuque III', '2006-09-09 16:02:20', 'эльф', 'yweber@hotmail.com', '10011306801');
INSERT INTO `users` (`id`, `title`, `birthdate`, `gender`, `email`, `phone`) VALUES (9, 'Kailee Grant', '1977-11-20 00:23:55', 'девочка', 'medhurst.thurman@gmail.com', '18132381870');
INSERT INTO `users` (`id`, `title`, `birthdate`, `gender`, `email`, `phone`) VALUES (10, 'Jonathan Kuhlman', '2001-12-14 02:16:26', 'эльф', 'cdoyle@gmail.com', '72902461194');
INSERT INTO `users` (`id`, `title`, `birthdate`, `gender`, `email`, `phone`) VALUES (11, 'Karley O\'Connell', '2015-09-27 16:58:36', 'девочка', 'lgleichner@hotmail.com', '24874410647');
INSERT INTO `users` (`id`, `title`, `birthdate`, `gender`, `email`, `phone`) VALUES (12, 'Mr. Halle Beier', '1977-02-24 10:32:24', 'девочка', 'breana.lesch@hotmail.com', '25961689378');
INSERT INTO `users` (`id`, `title`, `birthdate`, `gender`, `email`, `phone`) VALUES (13, 'Xander Aufderhar Sr.', '2015-11-01 02:55:00', 'мальчик', 'zboncak.carrie@hotmail.com', '08134143724');
INSERT INTO `users` (`id`, `title`, `birthdate`, `gender`, `email`, `phone`) VALUES (14, 'Eino Langworth', '2008-10-29 17:07:11', 'девочка', 'jaylin41@yahoo.com', '88606145658');
INSERT INTO `users` (`id`, `title`, `birthdate`, `gender`, `email`, `phone`) VALUES (15, 'Dr. Reynold Connelly II', '2010-07-07 08:44:42', 'мальчик', 'nlarson@yahoo.com', '82841418648');


INSERT INTO `users_bills` (`id`, `user_id`, `room_id`, `date_in`, `date_out`, `price`, `has_billed`, `date_created`, `date_billed`) VALUES (1, 1, 1, '2021-05-08', '2021-05-10', 4500.00, 0, '2021-05-03 08:13:02', '2021-05-03 09:01:35');
INSERT INTO `users_bills` (`id`, `user_id`, `room_id`, `date_in`, `date_out`, `price`, `has_billed`, `date_created`, `date_billed`) VALUES (2, 2, 2, '2021-05-01', '2021-05-03', 38500.00, 1, '2021-05-03 11:36:51', '2021-05-03 11:37:16');
INSERT INTO `users_bills` (`id`, `user_id`, `room_id`, `date_in`, `date_out`, `price`, `has_billed`, `date_created`, `date_billed`) VALUES (3, 1, 2, '2021-05-01', '2021-05-03', 38500.00, 1, '2021-05-03 11:37:56', '2021-05-03 11:38:37');
INSERT INTO `users_bills` (`id`, `user_id`, `room_id`, `date_in`, `date_out`, `price`, `has_billed`, `date_created`, `date_billed`) VALUES (4, 3, 4, '2021-05-01', '2021-05-03', 69000.00, 1, '2021-05-03 11:38:31', '2021-05-03 11:38:36');
INSERT INTO `users_bills` (`id`, `user_id`, `room_id`, `date_in`, `date_out`, `price`, `has_billed`, `date_created`, `date_billed`) VALUES (5, 4, 2, '2021-05-01', '2021-05-03', 38500.00, 1, '2021-05-03 12:00:36', '2021-05-03 12:02:15');
INSERT INTO `users_bills` (`id`, `user_id`, `room_id`, `date_in`, `date_out`, `price`, `has_billed`, `date_created`, `date_billed`) VALUES (6, 6, 6, '1997-01-18', '2008-07-29', '6132275.01', 0, '2000-09-01 20:00:37', '1985-12-08 02:32:24');
INSERT INTO `users_bills` (`id`, `user_id`, `room_id`, `date_in`, `date_out`, `price`, `has_billed`, `date_created`, `date_billed`) VALUES (7, 7, 7, '2011-10-05', '1982-11-02', '213.52', 1, '1976-04-01 15:36:35', '2005-07-17 20:56:47');
INSERT INTO `users_bills` (`id`, `user_id`, `room_id`, `date_in`, `date_out`, `price`, `has_billed`, `date_created`, `date_billed`) VALUES (8, 8, 8, '2005-03-09', '2002-12-07', '24546906.81', 0, '1989-05-24 02:53:44', '1974-07-29 16:11:16');
INSERT INTO `users_bills` (`id`, `user_id`, `room_id`, `date_in`, `date_out`, `price`, `has_billed`, `date_created`, `date_billed`) VALUES (9, 9, 9, '1975-08-15', '1991-09-21', '1552081.12', 0, '1987-01-24 22:57:59', '1986-09-01 14:57:15');
INSERT INTO `users_bills` (`id`, `user_id`, `room_id`, `date_in`, `date_out`, `price`, `has_billed`, `date_created`, `date_billed`) VALUES (10, 10, 10, '1983-08-19', '1972-05-26', '1887.60', 1, '1977-12-02 06:41:23', '2004-02-06 01:51:33');
INSERT INTO `users_bills` (`id`, `user_id`, `room_id`, `date_in`, `date_out`, `price`, `has_billed`, `date_created`, `date_billed`) VALUES (11, 11, 11, '2000-12-22', '2014-10-27', '0.00', 1, '1993-05-06 19:09:14', '1989-10-15 11:22:06');
INSERT INTO `users_bills` (`id`, `user_id`, `room_id`, `date_in`, `date_out`, `price`, `has_billed`, `date_created`, `date_billed`) VALUES (12, 12, 12, '2018-07-07', '1970-03-05', '28147375.85', 0, '2000-05-07 16:51:12', '1994-01-05 00:29:29');
INSERT INTO `users_bills` (`id`, `user_id`, `room_id`, `date_in`, `date_out`, `price`, `has_billed`, `date_created`, `date_billed`) VALUES (13, 13, 13, '2016-11-09', '2004-12-31', '4.86', 0, '2010-10-31 00:22:58', '2009-03-14 20:07:52');
INSERT INTO `users_bills` (`id`, `user_id`, `room_id`, `date_in`, `date_out`, `price`, `has_billed`, `date_created`, `date_billed`) VALUES (14, 14, 14, '1982-11-20', '1977-02-17', '99999999.99', 0, '1991-07-05 20:42:46', '1994-10-09 19:53:31');
INSERT INTO `users_bills` (`id`, `user_id`, `room_id`, `date_in`, `date_out`, `price`, `has_billed`, `date_created`, `date_billed`) VALUES (15, 15, 15, '2020-03-14', '2008-08-10', '2808.95', 1, '2000-11-18 16:18:43', '1973-10-02 06:28:12');

commit;

SET FOREIGN_KEY_CHECKS = 1;